{
  "Workflows": [
    {
      "Path": null,
      "SortBy": 0,
      "VariablesSectionElementsOrder": [],
      "ArgumentsSectionElementsOrder": null,
      "ConstantsSectionElementsOrder": null,
      "AddedNamespaces": null
    },
    {
      "Path": "Main.xaml",
      "SortBy": 0,
      "VariablesSectionElementsOrder": [
        "Count&SequenceX_1",
        "Lists&SequenceX_1",
        "Extract_Table_Data에서_데이터_테이블&SequenceX_1",
        "CellValue&SequenceX_1",
        "Sheet2&SequenceX_1",
        "Sheet1&SequenceX_1",
        "Age&SequenceX_1"
      ],
      "ArgumentsSectionElementsOrder": [],
      "ConstantsSectionElementsOrder": null,
      "AddedNamespaces": null
    }
  ]
}